{
    "dims": [
        1,
        1
    ],
    "type": "float32",
    "data": {
        "0": 0.9925106763839722
    },
    "size": 1
}

{
    "dims": [
        1,
        1
    ],
    "type": "float32",
    "data": {
        "0": 0.9934413433074951
    },
    "size": 1
}
